<?xml version="1.0" encoding="UTF-8"?>
<project-private xmlns="http://www.netbeans.org/ns/project-private/1">
    <editor-bookmarks xmlns="http://www.netbeans.org/ns/editor-bookmarks/2" lastBookmarkId="0"/>
    <open-files xmlns="http://www.netbeans.org/ns/projectui-open-files/1">
        <file>file:/Z:/DAM1/PROG/Proyectos%20NetBeans/Dual/Conecta4/Equipo8/src/Partida.java</file>
        <file>file:/Z:/DAM1/PROG/Proyectos%20NetBeans/Dual/Conecta4/Equipo8/src/Prueba.java</file>
        <file>file:/Z:/DAM1/PROG/Proyectos%20NetBeans/Dual/Conecta4/Equipo8/src/Tablero.java</file>
    </open-files>
</project-private>
